[
  {
    "pk": 1, 
    "model": "cms.placeholder", 
    "fields": {
      "slot": "content", 
      "default_width": null
    }
  }, 
  {
    "pk": 2, 
    "model": "cms.placeholder", 
    "fields": {
      "slot": "sidebar", 
      "default_width": null
    }
  }, 
  {
    "pk": 3, 
    "model": "cms.placeholder", 
    "fields": {
      "slot": "content", 
      "default_width": null
    }
  }, 
  {
    "pk": 4, 
    "model": "cms.placeholder", 
    "fields": {
      "slot": "sidebar", 
      "default_width": null
    }
  }, 
  {
    "pk": 5, 
    "model": "cms.placeholder", 
    "fields": {
      "slot": "content", 
      "default_width": null
    }
  }, 
  {
    "pk": 6, 
    "model": "cms.placeholder", 
    "fields": {
      "slot": "sidebar", 
      "default_width": null
    }
  }, 
  {
    "pk": 7, 
    "model": "cms.placeholder", 
    "fields": {
      "slot": "content", 
      "default_width": null
    }
  }, 
  {
    "pk": 8, 
    "model": "cms.placeholder", 
    "fields": {
      "slot": "sidebar", 
      "default_width": null
    }
  }, 
  {
    "pk": 9, 
    "model": "cms.placeholder", 
    "fields": {
      "slot": "content", 
      "default_width": null
    }
  }, 
  {
    "pk": 10, 
    "model": "cms.placeholder", 
    "fields": {
      "slot": "sidebar", 
      "default_width": null
    }
  }, 
  {
    "pk": 11, 
    "model": "cms.placeholder", 
    "fields": {
      "slot": "content", 
      "default_width": null
    }
  }, 
  {
    "pk": 12, 
    "model": "cms.placeholder", 
    "fields": {
      "slot": "sidebar", 
      "default_width": null
    }
  }, 
  {
    "pk": 13, 
    "model": "cms.placeholder", 
    "fields": {
      "slot": "content", 
      "default_width": null
    }
  }, 
  {
    "pk": 14, 
    "model": "cms.placeholder", 
    "fields": {
      "slot": "sidebar", 
      "default_width": null
    }
  }, 
  {
    "pk": 15, 
    "model": "cms.placeholder", 
    "fields": {
      "slot": "content", 
      "default_width": null
    }
  }, 
  {
    "pk": 16, 
    "model": "cms.placeholder", 
    "fields": {
      "slot": "sidebar", 
      "default_width": null
    }
  }, 
  {
    "pk": 17, 
    "model": "cms.placeholder", 
    "fields": {
      "slot": "content", 
      "default_width": null
    }
  }, 
  {
    "pk": 18, 
    "model": "cms.placeholder", 
    "fields": {
      "slot": "sidebar", 
      "default_width": null
    }
  }, 
  {
    "pk": 19, 
    "model": "cms.placeholder", 
    "fields": {
      "slot": "content", 
      "default_width": null
    }
  }, 
  {
    "pk": 20, 
    "model": "cms.placeholder", 
    "fields": {
      "slot": "sidebar", 
      "default_width": null
    }
  }, 
  {
    "pk": 21, 
    "model": "cms.placeholder", 
    "fields": {
      "slot": "content", 
      "default_width": null
    }
  }, 
  {
    "pk": 22, 
    "model": "cms.placeholder", 
    "fields": {
      "slot": "sidebar", 
      "default_width": null
    }
  }, 
  {
    "pk": 23, 
    "model": "cms.placeholder", 
    "fields": {
      "slot": "content", 
      "default_width": null
    }
  }, 
  {
    "pk": 24, 
    "model": "cms.placeholder", 
    "fields": {
      "slot": "sidebar", 
      "default_width": null
    }
  }, 
  {
    "pk": 25, 
    "model": "cms.placeholder", 
    "fields": {
      "slot": "content", 
      "default_width": null
    }
  }, 
  {
    "pk": 26, 
    "model": "cms.placeholder", 
    "fields": {
      "slot": "sidebar", 
      "default_width": null
    }
  }, 
  {
    "pk": 27, 
    "model": "cms.placeholder", 
    "fields": {
      "slot": "content", 
      "default_width": null
    }
  }, 
  {
    "pk": 28, 
    "model": "cms.placeholder", 
    "fields": {
      "slot": "sidebar", 
      "default_width": null
    }
  }, 
  {
    "pk": 29, 
    "model": "cms.placeholder", 
    "fields": {
      "slot": "content", 
      "default_width": null
    }
  }, 
  {
    "pk": 30, 
    "model": "cms.placeholder", 
    "fields": {
      "slot": "sidebar", 
      "default_width": null
    }
  }, 
  {
    "pk": 31, 
    "model": "cms.placeholder", 
    "fields": {
      "slot": "content", 
      "default_width": null
    }
  }, 
  {
    "pk": 32, 
    "model": "cms.placeholder", 
    "fields": {
      "slot": "sidebar", 
      "default_width": null
    }
  }, 
  {
    "pk": 33, 
    "model": "cms.placeholder", 
    "fields": {
      "slot": "content", 
      "default_width": null
    }
  }, 
  {
    "pk": 34, 
    "model": "cms.placeholder", 
    "fields": {
      "slot": "sidebar", 
      "default_width": null
    }
  }, 
  {
    "pk": 35, 
    "model": "cms.placeholder", 
    "fields": {
      "slot": "content", 
      "default_width": null
    }
  }, 
  {
    "pk": 36, 
    "model": "cms.placeholder", 
    "fields": {
      "slot": "sidebar", 
      "default_width": null
    }
  }, 
  {
    "pk": 37, 
    "model": "cms.placeholder", 
    "fields": {
      "slot": "content", 
      "default_width": null
    }
  }, 
  {
    "pk": 38, 
    "model": "cms.placeholder", 
    "fields": {
      "slot": "sidebar", 
      "default_width": null
    }
  }, 
  {
    "pk": 39, 
    "model": "cms.placeholder", 
    "fields": {
      "slot": "content", 
      "default_width": null
    }
  }, 
  {
    "pk": 40, 
    "model": "cms.placeholder", 
    "fields": {
      "slot": "sidebar", 
      "default_width": null
    }
  }, 
  {
    "pk": 41, 
    "model": "cms.placeholder", 
    "fields": {
      "slot": "content", 
      "default_width": null
    }
  }, 
  {
    "pk": 42, 
    "model": "cms.placeholder", 
    "fields": {
      "slot": "sidebar", 
      "default_width": null
    }
  }, 
  {
    "pk": 43, 
    "model": "cms.placeholder", 
    "fields": {
      "slot": "content", 
      "default_width": null
    }
  }, 
  {
    "pk": 44, 
    "model": "cms.placeholder", 
    "fields": {
      "slot": "sidebar", 
      "default_width": null
    }
  }, 
  {
    "pk": 45, 
    "model": "cms.placeholder", 
    "fields": {
      "slot": "content", 
      "default_width": null
    }
  }, 
  {
    "pk": 46, 
    "model": "cms.placeholder", 
    "fields": {
      "slot": "sidebar", 
      "default_width": null
    }
  }, 
  {
    "pk": 47, 
    "model": "cms.placeholder", 
    "fields": {
      "slot": "content", 
      "default_width": null
    }
  }, 
  {
    "pk": 48, 
    "model": "cms.placeholder", 
    "fields": {
      "slot": "sidebar", 
      "default_width": null
    }
  }, 
  {
    "pk": 49, 
    "model": "cms.placeholder", 
    "fields": {
      "slot": "content", 
      "default_width": null
    }
  }, 
  {
    "pk": 50, 
    "model": "cms.placeholder", 
    "fields": {
      "slot": "sidebar", 
      "default_width": null
    }
  }, 
  {
    "pk": 51, 
    "model": "cms.placeholder", 
    "fields": {
      "slot": "content", 
      "default_width": null
    }
  }, 
  {
    "pk": 52, 
    "model": "cms.placeholder", 
    "fields": {
      "slot": "sidebar", 
      "default_width": null
    }
  }, 
  {
    "pk": 53, 
    "model": "cms.placeholder", 
    "fields": {
      "slot": "content", 
      "default_width": null
    }
  }, 
  {
    "pk": 54, 
    "model": "cms.placeholder", 
    "fields": {
      "slot": "sidebar", 
      "default_width": null
    }
  }, 
  {
    "pk": 55, 
    "model": "cms.placeholder", 
    "fields": {
      "slot": "content", 
      "default_width": null
    }
  }, 
  {
    "pk": 56, 
    "model": "cms.placeholder", 
    "fields": {
      "slot": "sidebar", 
      "default_width": null
    }
  }, 
  {
    "pk": 57, 
    "model": "cms.placeholder", 
    "fields": {
      "slot": "content", 
      "default_width": null
    }
  }, 
  {
    "pk": 58, 
    "model": "cms.placeholder", 
    "fields": {
      "slot": "sidebar", 
      "default_width": null
    }
  }, 
  {
    "pk": 61, 
    "model": "cms.placeholder", 
    "fields": {
      "slot": "content", 
      "default_width": null
    }
  }, 
  {
    "pk": 62, 
    "model": "cms.placeholder", 
    "fields": {
      "slot": "sidebar", 
      "default_width": null
    }
  }, 
  {
    "pk": 63, 
    "model": "cms.placeholder", 
    "fields": {
      "slot": "content", 
      "default_width": null
    }
  }, 
  {
    "pk": 64, 
    "model": "cms.placeholder", 
    "fields": {
      "slot": "sidebar", 
      "default_width": null
    }
  }, 
  {
    "pk": 67, 
    "model": "cms.placeholder", 
    "fields": {
      "slot": "content", 
      "default_width": null
    }
  }, 
  {
    "pk": 68, 
    "model": "cms.placeholder", 
    "fields": {
      "slot": "sidebar", 
      "default_width": null
    }
  }, 
  {
    "pk": 69, 
    "model": "cms.placeholder", 
    "fields": {
      "slot": "content", 
      "default_width": null
    }
  }, 
  {
    "pk": 70, 
    "model": "cms.placeholder", 
    "fields": {
      "slot": "sidebar", 
      "default_width": null
    }
  }, 
  {
    "pk": 71, 
    "model": "cms.placeholder", 
    "fields": {
      "slot": "content", 
      "default_width": null
    }
  }, 
  {
    "pk": 72, 
    "model": "cms.placeholder", 
    "fields": {
      "slot": "sidebar", 
      "default_width": null
    }
  }, 
  {
    "pk": 73, 
    "model": "cms.placeholder", 
    "fields": {
      "slot": "content", 
      "default_width": null
    }
  }, 
  {
    "pk": 74, 
    "model": "cms.placeholder", 
    "fields": {
      "slot": "sidebar", 
      "default_width": null
    }
  }, 
  {
    "pk": 75, 
    "model": "cms.placeholder", 
    "fields": {
      "slot": "content", 
      "default_width": null
    }
  }, 
  {
    "pk": 76, 
    "model": "cms.placeholder", 
    "fields": {
      "slot": "sidebar", 
      "default_width": null
    }
  }, 
  {
    "pk": 1, 
    "model": "cms.cmsplugin", 
    "fields": {
      "rght": 2, 
      "changed_date": "2013-01-23T20:31:18.749", 
      "parent": null, 
      "language": "de", 
      "level": 0, 
      "creation_date": "2013-01-23T20:18:12.505", 
      "lft": 1, 
      "tree_id": 1, 
      "position": 0, 
      "placeholder": 3, 
      "plugin_type": "TextPlugin"
    }
  }, 
  {
    "pk": 1, 
    "model": "cms.page", 
    "fields": {
      "rght": 2, 
      "navigation_extenders": "", 
      "site": 1, 
      "creation_date": "2012-12-19T05:52:47.852", 
      "lft": 1, 
      "in_navigation": false, 
      "reverse_id": null, 
      "login_required": false, 
      "created_by": "admin", 
      "publication_end_date": null, 
      "moderator_state": 1, 
      "template": "cms/frontpage.html", 
      "tree_id": 1, 
      "placeholders": [
        1, 
        2
      ], 
      "changed_date": "2012-12-19T05:59:49.141", 
      "limit_visibility_in_menu": null, 
      "parent": null, 
      "publisher_state": 1, 
      "soft_root": false, 
      "publication_date": "2012-12-19T05:52:57.321", 
      "publisher_public": null, 
      "level": 0, 
      "changed_by": "admin", 
      "publisher_is_draft": true, 
      "published": true
    }
  }, 
  {
    "pk": 2, 
    "model": "cms.page", 
    "fields": {
      "rght": 18, 
      "navigation_extenders": "", 
      "site": 1, 
      "creation_date": "2012-12-19T05:54:01.233", 
      "lft": 1, 
      "in_navigation": true, 
      "reverse_id": null, 
      "login_required": false, 
      "created_by": "admin", 
      "publication_end_date": null, 
      "moderator_state": 0, 
      "template": "cms/default.html", 
      "tree_id": 2, 
      "placeholders": [
        3, 
        4
      ], 
      "changed_date": "2012-12-19T06:00:11.146", 
      "limit_visibility_in_menu": null, 
      "parent": null, 
      "publisher_state": 1, 
      "soft_root": false, 
      "publication_date": "2012-12-19T06:00:11.126", 
      "publisher_public": null, 
      "level": 0, 
      "changed_by": "admin", 
      "publisher_is_draft": true, 
      "published": true
    }
  }, 
  {
    "pk": 7, 
    "model": "cms.page", 
    "fields": {
      "rght": 3, 
      "navigation_extenders": "", 
      "site": 1, 
      "creation_date": "2012-12-19T05:55:10.013", 
      "lft": 2, 
      "in_navigation": true, 
      "reverse_id": null, 
      "login_required": false, 
      "created_by": "admin", 
      "publication_end_date": null, 
      "moderator_state": 0, 
      "template": "INHERIT", 
      "tree_id": 2, 
      "placeholders": [
        13, 
        14
      ], 
      "changed_date": "2012-12-19T06:00:12.182", 
      "limit_visibility_in_menu": null, 
      "parent": 2, 
      "publisher_state": 1, 
      "soft_root": false, 
      "publication_date": "2012-12-19T06:00:12.113", 
      "publisher_public": null, 
      "level": 1, 
      "changed_by": "admin", 
      "publisher_is_draft": true, 
      "published": true
    }
  }, 
  {
    "pk": 8, 
    "model": "cms.page", 
    "fields": {
      "rght": 5, 
      "navigation_extenders": "", 
      "site": 1, 
      "creation_date": "2012-12-19T05:55:18.920", 
      "lft": 4, 
      "in_navigation": true, 
      "reverse_id": null, 
      "login_required": false, 
      "created_by": "admin", 
      "publication_end_date": null, 
      "moderator_state": 0, 
      "template": "INHERIT", 
      "tree_id": 2, 
      "placeholders": [
        15, 
        16
      ], 
      "changed_date": "2012-12-19T06:00:12.949", 
      "limit_visibility_in_menu": null, 
      "parent": 2, 
      "publisher_state": 1, 
      "soft_root": false, 
      "publication_date": "2012-12-19T06:00:12.927", 
      "publisher_public": null, 
      "level": 1, 
      "changed_by": "admin", 
      "publisher_is_draft": true, 
      "published": true
    }
  }, 
  {
    "pk": 9, 
    "model": "cms.page", 
    "fields": {
      "rght": 7, 
      "navigation_extenders": "", 
      "site": 1, 
      "creation_date": "2012-12-19T05:55:32.691", 
      "lft": 6, 
      "in_navigation": true, 
      "reverse_id": null, 
      "login_required": false, 
      "created_by": "admin", 
      "publication_end_date": null, 
      "moderator_state": 0, 
      "template": "INHERIT", 
      "tree_id": 2, 
      "placeholders": [
        17, 
        18
      ], 
      "changed_date": "2012-12-19T06:00:14.006", 
      "limit_visibility_in_menu": null, 
      "parent": 2, 
      "publisher_state": 1, 
      "soft_root": false, 
      "publication_date": "2012-12-19T06:00:13.983", 
      "publisher_public": null, 
      "level": 1, 
      "changed_by": "admin", 
      "publisher_is_draft": true, 
      "published": true
    }
  }, 
  {
    "pk": 10, 
    "model": "cms.page", 
    "fields": {
      "rght": 9, 
      "navigation_extenders": "", 
      "site": 1, 
      "creation_date": "2012-12-19T05:55:38.770", 
      "lft": 8, 
      "in_navigation": true, 
      "reverse_id": null, 
      "login_required": false, 
      "created_by": "admin", 
      "publication_end_date": null, 
      "moderator_state": 0, 
      "template": "INHERIT", 
      "tree_id": 2, 
      "placeholders": [
        19, 
        20
      ], 
      "changed_date": "2012-12-19T06:00:14.972", 
      "limit_visibility_in_menu": null, 
      "parent": 2, 
      "publisher_state": 1, 
      "soft_root": false, 
      "publication_date": "2012-12-19T06:00:14.946", 
      "publisher_public": null, 
      "level": 1, 
      "changed_by": "admin", 
      "publisher_is_draft": true, 
      "published": true
    }
  }, 
  {
    "pk": 11, 
    "model": "cms.page", 
    "fields": {
      "rght": 11, 
      "navigation_extenders": "", 
      "site": 1, 
      "creation_date": "2012-12-19T05:55:45.820", 
      "lft": 10, 
      "in_navigation": true, 
      "reverse_id": null, 
      "login_required": false, 
      "created_by": "admin", 
      "publication_end_date": null, 
      "moderator_state": 0, 
      "template": "INHERIT", 
      "tree_id": 2, 
      "placeholders": [
        21, 
        22
      ], 
      "changed_date": "2012-12-19T06:00:15.797", 
      "limit_visibility_in_menu": null, 
      "parent": 2, 
      "publisher_state": 1, 
      "soft_root": false, 
      "publication_date": "2012-12-19T06:00:15.776", 
      "publisher_public": null, 
      "level": 1, 
      "changed_by": "admin", 
      "publisher_is_draft": true, 
      "published": true
    }
  }, 
  {
    "pk": 12, 
    "model": "cms.page", 
    "fields": {
      "rght": 13, 
      "navigation_extenders": "", 
      "site": 1, 
      "creation_date": "2012-12-19T05:55:58.063", 
      "lft": 12, 
      "in_navigation": true, 
      "reverse_id": null, 
      "login_required": false, 
      "created_by": "admin", 
      "publication_end_date": null, 
      "moderator_state": 0, 
      "template": "INHERIT", 
      "tree_id": 2, 
      "placeholders": [
        23, 
        24
      ], 
      "changed_date": "2012-12-19T06:00:16.664", 
      "limit_visibility_in_menu": null, 
      "parent": 2, 
      "publisher_state": 1, 
      "soft_root": false, 
      "publication_date": "2012-12-19T06:00:16.642", 
      "publisher_public": null, 
      "level": 1, 
      "changed_by": "admin", 
      "publisher_is_draft": true, 
      "published": true
    }
  }, 
  {
    "pk": 13, 
    "model": "cms.page", 
    "fields": {
      "rght": 15, 
      "navigation_extenders": "", 
      "site": 1, 
      "creation_date": "2012-12-19T05:56:02.381", 
      "lft": 14, 
      "in_navigation": true, 
      "reverse_id": null, 
      "login_required": false, 
      "created_by": "admin", 
      "publication_end_date": null, 
      "moderator_state": 0, 
      "template": "INHERIT", 
      "tree_id": 2, 
      "placeholders": [
        25, 
        26
      ], 
      "changed_date": "2012-12-19T06:00:17.689", 
      "limit_visibility_in_menu": null, 
      "parent": 2, 
      "publisher_state": 1, 
      "soft_root": false, 
      "publication_date": "2012-12-19T06:00:17.668", 
      "publisher_public": null, 
      "level": 1, 
      "changed_by": "admin", 
      "publisher_is_draft": true, 
      "published": true
    }
  }, 
  {
    "pk": 14, 
    "model": "cms.page", 
    "fields": {
      "rght": 17, 
      "navigation_extenders": "", 
      "site": 1, 
      "creation_date": "2012-12-19T05:56:06.845", 
      "lft": 16, 
      "in_navigation": true, 
      "reverse_id": null, 
      "login_required": false, 
      "created_by": "admin", 
      "publication_end_date": null, 
      "moderator_state": 0, 
      "template": "INHERIT", 
      "tree_id": 2, 
      "placeholders": [
        27, 
        28
      ], 
      "changed_date": "2012-12-19T06:00:18.636", 
      "limit_visibility_in_menu": null, 
      "parent": 2, 
      "publisher_state": 1, 
      "soft_root": false, 
      "publication_date": "2012-12-19T06:00:18.613", 
      "publisher_public": null, 
      "level": 1, 
      "changed_by": "admin", 
      "publisher_is_draft": true, 
      "published": true
    }
  }, 
  {
    "pk": 3, 
    "model": "cms.page", 
    "fields": {
      "rght": 22, 
      "navigation_extenders": "", 
      "site": 1, 
      "creation_date": "2012-12-19T05:54:10.308", 
      "lft": 1, 
      "in_navigation": true, 
      "reverse_id": null, 
      "login_required": false, 
      "created_by": "admin", 
      "publication_end_date": null, 
      "moderator_state": 0, 
      "template": "cms/default.html", 
      "tree_id": 3, 
      "placeholders": [
        5, 
        6
      ], 
      "changed_date": "2012-12-19T06:00:19.673", 
      "limit_visibility_in_menu": null, 
      "parent": null, 
      "publisher_state": 1, 
      "soft_root": false, 
      "publication_date": "2012-12-19T06:00:19.652", 
      "publisher_public": null, 
      "level": 0, 
      "changed_by": "admin", 
      "publisher_is_draft": true, 
      "published": true
    }
  }, 
  {
    "pk": 15, 
    "model": "cms.page", 
    "fields": {
      "rght": 3, 
      "navigation_extenders": "", 
      "site": 1, 
      "creation_date": "2012-12-19T05:56:33.868", 
      "lft": 2, 
      "in_navigation": true, 
      "reverse_id": null, 
      "login_required": false, 
      "created_by": "admin", 
      "publication_end_date": null, 
      "moderator_state": 0, 
      "template": "INHERIT", 
      "tree_id": 3, 
      "placeholders": [
        29, 
        30
      ], 
      "changed_date": "2012-12-19T06:00:31.428", 
      "limit_visibility_in_menu": null, 
      "parent": 3, 
      "publisher_state": 1, 
      "soft_root": false, 
      "publication_date": "2012-12-19T06:00:31.408", 
      "publisher_public": null, 
      "level": 1, 
      "changed_by": "admin", 
      "publisher_is_draft": true, 
      "published": true
    }
  }, 
  {
    "pk": 16, 
    "model": "cms.page", 
    "fields": {
      "rght": 5, 
      "navigation_extenders": "", 
      "site": 1, 
      "creation_date": "2012-12-19T05:56:47.297", 
      "lft": 4, 
      "in_navigation": true, 
      "reverse_id": null, 
      "login_required": false, 
      "created_by": "admin", 
      "publication_end_date": null, 
      "moderator_state": 0, 
      "template": "INHERIT", 
      "tree_id": 3, 
      "placeholders": [
        31, 
        32
      ], 
      "changed_date": "2012-12-19T06:00:32.328", 
      "limit_visibility_in_menu": null, 
      "parent": 3, 
      "publisher_state": 1, 
      "soft_root": false, 
      "publication_date": "2012-12-19T06:00:32.307", 
      "publisher_public": null, 
      "level": 1, 
      "changed_by": "admin", 
      "publisher_is_draft": true, 
      "published": true
    }
  }, 
  {
    "pk": 17, 
    "model": "cms.page", 
    "fields": {
      "rght": 7, 
      "navigation_extenders": "", 
      "site": 1, 
      "creation_date": "2012-12-19T05:56:51.440", 
      "lft": 6, 
      "in_navigation": true, 
      "reverse_id": null, 
      "login_required": false, 
      "created_by": "admin", 
      "publication_end_date": null, 
      "moderator_state": 0, 
      "template": "INHERIT", 
      "tree_id": 3, 
      "placeholders": [
        33, 
        34
      ], 
      "changed_date": "2012-12-19T06:00:33.192", 
      "limit_visibility_in_menu": null, 
      "parent": 3, 
      "publisher_state": 1, 
      "soft_root": false, 
      "publication_date": "2012-12-19T06:00:33.171", 
      "publisher_public": null, 
      "level": 1, 
      "changed_by": "admin", 
      "publisher_is_draft": true, 
      "published": true
    }
  }, 
  {
    "pk": 18, 
    "model": "cms.page", 
    "fields": {
      "rght": 9, 
      "navigation_extenders": "", 
      "site": 1, 
      "creation_date": "2012-12-19T05:56:55.146", 
      "lft": 8, 
      "in_navigation": true, 
      "reverse_id": null, 
      "login_required": false, 
      "created_by": "admin", 
      "publication_end_date": null, 
      "moderator_state": 0, 
      "template": "INHERIT", 
      "tree_id": 3, 
      "placeholders": [
        35, 
        36
      ], 
      "changed_date": "2012-12-19T06:00:34.058", 
      "limit_visibility_in_menu": null, 
      "parent": 3, 
      "publisher_state": 1, 
      "soft_root": false, 
      "publication_date": "2012-12-19T06:00:34.036", 
      "publisher_public": null, 
      "level": 1, 
      "changed_by": "admin", 
      "publisher_is_draft": true, 
      "published": true
    }
  }, 
  {
    "pk": 19, 
    "model": "cms.page", 
    "fields": {
      "rght": 11, 
      "navigation_extenders": "", 
      "site": 1, 
      "creation_date": "2012-12-19T05:57:05.453", 
      "lft": 10, 
      "in_navigation": true, 
      "reverse_id": null, 
      "login_required": false, 
      "created_by": "admin", 
      "publication_end_date": null, 
      "moderator_state": 0, 
      "template": "INHERIT", 
      "tree_id": 3, 
      "placeholders": [
        37, 
        38
      ], 
      "changed_date": "2012-12-19T06:00:35.315", 
      "limit_visibility_in_menu": null, 
      "parent": 3, 
      "publisher_state": 1, 
      "soft_root": false, 
      "publication_date": "2012-12-19T06:00:35.294", 
      "publisher_public": null, 
      "level": 1, 
      "changed_by": "admin", 
      "publisher_is_draft": true, 
      "published": true
    }
  }, 
  {
    "pk": 20, 
    "model": "cms.page", 
    "fields": {
      "rght": 13, 
      "navigation_extenders": "", 
      "site": 1, 
      "creation_date": "2012-12-19T05:57:09.166", 
      "lft": 12, 
      "in_navigation": true, 
      "reverse_id": null, 
      "login_required": false, 
      "created_by": "admin", 
      "publication_end_date": null, 
      "moderator_state": 0, 
      "template": "INHERIT", 
      "tree_id": 3, 
      "placeholders": [
        39, 
        40
      ], 
      "changed_date": "2012-12-19T06:00:36.111", 
      "limit_visibility_in_menu": null, 
      "parent": 3, 
      "publisher_state": 1, 
      "soft_root": false, 
      "publication_date": "2012-12-19T06:00:36.089", 
      "publisher_public": null, 
      "level": 1, 
      "changed_by": "admin", 
      "publisher_is_draft": true, 
      "published": true
    }
  }, 
  {
    "pk": 21, 
    "model": "cms.page", 
    "fields": {
      "rght": 15, 
      "navigation_extenders": "", 
      "site": 1, 
      "creation_date": "2012-12-19T05:57:13.859", 
      "lft": 14, 
      "in_navigation": true, 
      "reverse_id": null, 
      "login_required": false, 
      "created_by": "admin", 
      "publication_end_date": null, 
      "moderator_state": 0, 
      "template": "INHERIT", 
      "tree_id": 3, 
      "placeholders": [
        41, 
        42
      ], 
      "changed_date": "2012-12-19T06:00:38.410", 
      "limit_visibility_in_menu": null, 
      "parent": 3, 
      "publisher_state": 1, 
      "soft_root": false, 
      "publication_date": "2012-12-19T06:00:38.389", 
      "publisher_public": null, 
      "level": 1, 
      "changed_by": "admin", 
      "publisher_is_draft": true, 
      "published": true
    }
  }, 
  {
    "pk": 22, 
    "model": "cms.page", 
    "fields": {
      "rght": 17, 
      "navigation_extenders": "", 
      "site": 1, 
      "creation_date": "2012-12-19T05:57:24.473", 
      "lft": 16, 
      "in_navigation": true, 
      "reverse_id": null, 
      "login_required": false, 
      "created_by": "admin", 
      "publication_end_date": null, 
      "moderator_state": 0, 
      "template": "INHERIT", 
      "tree_id": 3, 
      "placeholders": [
        43, 
        44
      ], 
      "changed_date": "2012-12-19T06:00:39.337", 
      "limit_visibility_in_menu": null, 
      "parent": 3, 
      "publisher_state": 1, 
      "soft_root": false, 
      "publication_date": "2012-12-19T06:00:39.316", 
      "publisher_public": null, 
      "level": 1, 
      "changed_by": "admin", 
      "publisher_is_draft": true, 
      "published": true
    }
  }, 
  {
    "pk": 23, 
    "model": "cms.page", 
    "fields": {
      "rght": 19, 
      "navigation_extenders": "", 
      "site": 1, 
      "creation_date": "2012-12-19T05:57:36.331", 
      "lft": 18, 
      "in_navigation": true, 
      "reverse_id": null, 
      "login_required": false, 
      "created_by": "admin", 
      "publication_end_date": null, 
      "moderator_state": 0, 
      "template": "INHERIT", 
      "tree_id": 3, 
      "placeholders": [
        45, 
        46
      ], 
      "changed_date": "2012-12-19T06:00:40.243", 
      "limit_visibility_in_menu": null, 
      "parent": 3, 
      "publisher_state": 1, 
      "soft_root": false, 
      "publication_date": "2012-12-19T06:00:40.221", 
      "publisher_public": null, 
      "level": 1, 
      "changed_by": "admin", 
      "publisher_is_draft": true, 
      "published": true
    }
  }, 
  {
    "pk": 24, 
    "model": "cms.page", 
    "fields": {
      "rght": 21, 
      "navigation_extenders": "", 
      "site": 1, 
      "creation_date": "2012-12-19T05:57:44.511", 
      "lft": 20, 
      "in_navigation": true, 
      "reverse_id": null, 
      "login_required": false, 
      "created_by": "admin", 
      "publication_end_date": null, 
      "moderator_state": 0, 
      "template": "INHERIT", 
      "tree_id": 3, 
      "placeholders": [
        47, 
        48
      ], 
      "changed_date": "2012-12-19T06:00:41.076", 
      "limit_visibility_in_menu": null, 
      "parent": 3, 
      "publisher_state": 1, 
      "soft_root": false, 
      "publication_date": "2012-12-19T06:00:41.045", 
      "publisher_public": null, 
      "level": 1, 
      "changed_by": "admin", 
      "publisher_is_draft": true, 
      "published": true
    }
  }, 
  {
    "pk": 4, 
    "model": "cms.page", 
    "fields": {
      "rght": 10, 
      "navigation_extenders": "", 
      "site": 1, 
      "creation_date": "2012-12-19T05:54:30.225", 
      "lft": 1, 
      "in_navigation": true, 
      "reverse_id": null, 
      "login_required": false, 
      "created_by": "admin", 
      "publication_end_date": null, 
      "moderator_state": 0, 
      "template": "cms/default.html", 
      "tree_id": 4, 
      "placeholders": [
        7, 
        8
      ], 
      "changed_date": "2012-12-19T06:00:41.942", 
      "limit_visibility_in_menu": null, 
      "parent": null, 
      "publisher_state": 1, 
      "soft_root": false, 
      "publication_date": "2012-12-19T06:00:41.919", 
      "publisher_public": null, 
      "level": 0, 
      "changed_by": "admin", 
      "publisher_is_draft": true, 
      "published": true
    }
  }, 
  {
    "pk": 25, 
    "model": "cms.page", 
    "fields": {
      "rght": 3, 
      "navigation_extenders": "", 
      "site": 1, 
      "creation_date": "2012-12-19T05:58:01.261", 
      "lft": 2, 
      "in_navigation": true, 
      "reverse_id": null, 
      "login_required": false, 
      "created_by": "admin", 
      "publication_end_date": null, 
      "moderator_state": 0, 
      "template": "INHERIT", 
      "tree_id": 4, 
      "placeholders": [
        49, 
        50
      ], 
      "changed_date": "2012-12-19T06:00:56.507", 
      "limit_visibility_in_menu": null, 
      "parent": 4, 
      "publisher_state": 1, 
      "soft_root": false, 
      "publication_date": "2012-12-19T06:00:56.485", 
      "publisher_public": null, 
      "level": 1, 
      "changed_by": "admin", 
      "publisher_is_draft": true, 
      "published": true
    }
  }, 
  {
    "pk": 26, 
    "model": "cms.page", 
    "fields": {
      "rght": 5, 
      "navigation_extenders": "", 
      "site": 1, 
      "creation_date": "2012-12-19T05:58:09.744", 
      "lft": 4, 
      "in_navigation": true, 
      "reverse_id": null, 
      "login_required": false, 
      "created_by": "admin", 
      "publication_end_date": null, 
      "moderator_state": 0, 
      "template": "INHERIT", 
      "tree_id": 4, 
      "placeholders": [
        51, 
        52
      ], 
      "changed_date": "2012-12-19T06:00:57.304", 
      "limit_visibility_in_menu": null, 
      "parent": 4, 
      "publisher_state": 1, 
      "soft_root": false, 
      "publication_date": "2012-12-19T06:00:57.283", 
      "publisher_public": null, 
      "level": 1, 
      "changed_by": "admin", 
      "publisher_is_draft": true, 
      "published": true
    }
  }, 
  {
    "pk": 27, 
    "model": "cms.page", 
    "fields": {
      "rght": 7, 
      "navigation_extenders": "", 
      "site": 1, 
      "creation_date": "2012-12-19T05:58:19.360", 
      "lft": 6, 
      "in_navigation": true, 
      "reverse_id": null, 
      "login_required": false, 
      "created_by": "admin", 
      "publication_end_date": null, 
      "moderator_state": 0, 
      "template": "INHERIT", 
      "tree_id": 4, 
      "placeholders": [
        53, 
        54
      ], 
      "changed_date": "2012-12-19T06:00:58.307", 
      "limit_visibility_in_menu": null, 
      "parent": 4, 
      "publisher_state": 1, 
      "soft_root": false, 
      "publication_date": "2012-12-19T06:00:58.285", 
      "publisher_public": null, 
      "level": 1, 
      "changed_by": "admin", 
      "publisher_is_draft": true, 
      "published": true
    }
  }, 
  {
    "pk": 28, 
    "model": "cms.page", 
    "fields": {
      "rght": 9, 
      "navigation_extenders": "", 
      "site": 1, 
      "creation_date": "2012-12-19T05:58:23.690", 
      "lft": 8, 
      "in_navigation": true, 
      "reverse_id": null, 
      "login_required": false, 
      "created_by": "admin", 
      "publication_end_date": null, 
      "moderator_state": 0, 
      "template": "INHERIT", 
      "tree_id": 4, 
      "placeholders": [
        55, 
        56
      ], 
      "changed_date": "2012-12-19T06:00:59.236", 
      "limit_visibility_in_menu": null, 
      "parent": 4, 
      "publisher_state": 1, 
      "soft_root": false, 
      "publication_date": "2012-12-19T06:00:59.215", 
      "publisher_public": null, 
      "level": 1, 
      "changed_by": "admin", 
      "publisher_is_draft": true, 
      "published": true
    }
  }, 
  {
    "pk": 5, 
    "model": "cms.page", 
    "fields": {
      "rght": 10, 
      "navigation_extenders": "", 
      "site": 1, 
      "creation_date": "2012-12-19T05:54:43.925", 
      "lft": 1, 
      "in_navigation": true, 
      "reverse_id": null, 
      "login_required": false, 
      "created_by": "admin", 
      "publication_end_date": null, 
      "moderator_state": 0, 
      "template": "cms/default.html", 
      "tree_id": 5, 
      "placeholders": [
        9, 
        10
      ], 
      "changed_date": "2012-12-19T06:01:00.043", 
      "limit_visibility_in_menu": null, 
      "parent": null, 
      "publisher_state": 1, 
      "soft_root": false, 
      "publication_date": "2012-12-19T06:01:00.020", 
      "publisher_public": null, 
      "level": 0, 
      "changed_by": "admin", 
      "publisher_is_draft": true, 
      "published": true
    }
  }, 
  {
    "pk": 29, 
    "model": "cms.page", 
    "fields": {
      "rght": 3, 
      "navigation_extenders": "", 
      "site": 1, 
      "creation_date": "2012-12-19T05:58:36.559", 
      "lft": 2, 
      "in_navigation": true, 
      "reverse_id": null, 
      "login_required": false, 
      "created_by": "admin", 
      "publication_end_date": null, 
      "moderator_state": 0, 
      "template": "INHERIT", 
      "tree_id": 5, 
      "placeholders": [
        57, 
        58
      ], 
      "changed_date": "2012-12-19T06:01:00.956", 
      "limit_visibility_in_menu": null, 
      "parent": 5, 
      "publisher_state": 1, 
      "soft_root": false, 
      "publication_date": "2012-12-19T06:01:00.926", 
      "publisher_public": null, 
      "level": 1, 
      "changed_by": "admin", 
      "publisher_is_draft": true, 
      "published": true
    }
  }, 
  {
    "pk": 31, 
    "model": "cms.page", 
    "fields": {
      "rght": 5, 
      "navigation_extenders": "", 
      "site": 1, 
      "creation_date": "2012-12-19T05:58:54.053", 
      "lft": 4, 
      "in_navigation": true, 
      "reverse_id": null, 
      "login_required": false, 
      "created_by": "admin", 
      "publication_end_date": null, 
      "moderator_state": 0, 
      "template": "INHERIT", 
      "tree_id": 5, 
      "placeholders": [
        61, 
        62
      ], 
      "changed_date": "2012-12-19T06:01:02.196", 
      "limit_visibility_in_menu": null, 
      "parent": 5, 
      "publisher_state": 1, 
      "soft_root": false, 
      "publication_date": "2012-12-19T06:01:02.174", 
      "publisher_public": null, 
      "level": 1, 
      "changed_by": "admin", 
      "publisher_is_draft": true, 
      "published": true
    }
  }, 
  {
    "pk": 32, 
    "model": "cms.page", 
    "fields": {
      "rght": 7, 
      "navigation_extenders": "", 
      "site": 1, 
      "creation_date": "2012-12-19T05:58:58.128", 
      "lft": 6, 
      "in_navigation": true, 
      "reverse_id": null, 
      "login_required": false, 
      "created_by": "admin", 
      "publication_end_date": null, 
      "moderator_state": 0, 
      "template": "INHERIT", 
      "tree_id": 5, 
      "placeholders": [
        63, 
        64
      ], 
      "changed_date": "2012-12-19T06:01:03.140", 
      "limit_visibility_in_menu": null, 
      "parent": 5, 
      "publisher_state": 1, 
      "soft_root": false, 
      "publication_date": "2012-12-19T06:01:03.117", 
      "publisher_public": null, 
      "level": 1, 
      "changed_by": "admin", 
      "publisher_is_draft": true, 
      "published": true
    }
  }, 
  {
    "pk": 34, 
    "model": "cms.page", 
    "fields": {
      "rght": 11, 
      "navigation_extenders": "", 
      "site": 1, 
      "creation_date": "2012-12-19T05:59:06.867", 
      "lft": 10, 
      "in_navigation": true, 
      "reverse_id": null, 
      "login_required": false, 
      "created_by": "admin", 
      "publication_end_date": null, 
      "moderator_state": 0, 
      "template": "INHERIT", 
      "tree_id": 5, 
      "placeholders": [
        67, 
        68
      ], 
      "changed_date": "2012-12-19T06:01:04.158", 
      "limit_visibility_in_menu": null, 
      "parent": 5, 
      "publisher_state": 1, 
      "soft_root": false, 
      "publication_date": "2012-12-19T06:01:04.137", 
      "publisher_public": null, 
      "level": 1, 
      "changed_by": "admin", 
      "publisher_is_draft": true, 
      "published": true
    }
  }, 
  {
    "pk": 6, 
    "model": "cms.page", 
    "fields": {
      "rght": 10, 
      "navigation_extenders": "", 
      "site": 1, 
      "creation_date": "2012-12-19T05:54:49.737", 
      "lft": 1, 
      "in_navigation": true, 
      "reverse_id": null, 
      "login_required": false, 
      "created_by": "admin", 
      "publication_end_date": null, 
      "moderator_state": 0, 
      "template": "cms/default.html", 
      "tree_id": 6, 
      "placeholders": [
        11, 
        12
      ], 
      "changed_date": "2012-12-19T06:01:26.726", 
      "limit_visibility_in_menu": null, 
      "parent": null, 
      "publisher_state": 1, 
      "soft_root": false, 
      "publication_date": "2012-12-19T06:01:26.706", 
      "publisher_public": null, 
      "level": 0, 
      "changed_by": "admin", 
      "publisher_is_draft": true, 
      "published": true
    }
  }, 
  {
    "pk": 35, 
    "model": "cms.page", 
    "fields": {
      "rght": 3, 
      "navigation_extenders": "", 
      "site": 1, 
      "creation_date": "2012-12-19T05:59:18.180", 
      "lft": 2, 
      "in_navigation": true, 
      "reverse_id": null, 
      "login_required": false, 
      "created_by": "admin", 
      "publication_end_date": null, 
      "moderator_state": 0, 
      "template": "INHERIT", 
      "tree_id": 6, 
      "placeholders": [
        69, 
        70
      ], 
      "changed_date": "2012-12-19T06:01:33.715", 
      "limit_visibility_in_menu": null, 
      "parent": 6, 
      "publisher_state": 1, 
      "soft_root": false, 
      "publication_date": "2012-12-19T06:01:33.695", 
      "publisher_public": null, 
      "level": 1, 
      "changed_by": "admin", 
      "publisher_is_draft": true, 
      "published": true
    }
  }, 
  {
    "pk": 36, 
    "model": "cms.page", 
    "fields": {
      "rght": 5, 
      "navigation_extenders": "", 
      "site": 1, 
      "creation_date": "2012-12-19T05:59:22.637", 
      "lft": 4, 
      "in_navigation": true, 
      "reverse_id": null, 
      "login_required": false, 
      "created_by": "admin", 
      "publication_end_date": null, 
      "moderator_state": 0, 
      "template": "INHERIT", 
      "tree_id": 6, 
      "placeholders": [
        71, 
        72
      ], 
      "changed_date": "2012-12-19T06:01:34.611", 
      "limit_visibility_in_menu": null, 
      "parent": 6, 
      "publisher_state": 1, 
      "soft_root": false, 
      "publication_date": "2012-12-19T06:01:34.590", 
      "publisher_public": null, 
      "level": 1, 
      "changed_by": "admin", 
      "publisher_is_draft": true, 
      "published": true
    }
  }, 
  {
    "pk": 37, 
    "model": "cms.page", 
    "fields": {
      "rght": 7, 
      "navigation_extenders": "", 
      "site": 1, 
      "creation_date": "2012-12-19T05:59:26.831", 
      "lft": 6, 
      "in_navigation": true, 
      "reverse_id": null, 
      "login_required": false, 
      "created_by": "admin", 
      "publication_end_date": null, 
      "moderator_state": 0, 
      "template": "INHERIT", 
      "tree_id": 6, 
      "placeholders": [
        73, 
        74
      ], 
      "changed_date": "2012-12-19T06:01:35.607", 
      "limit_visibility_in_menu": null, 
      "parent": 6, 
      "publisher_state": 1, 
      "soft_root": false, 
      "publication_date": "2012-12-19T06:01:35.571", 
      "publisher_public": null, 
      "level": 1, 
      "changed_by": "admin", 
      "publisher_is_draft": true, 
      "published": true
    }
  }, 
  {
    "pk": 38, 
    "model": "cms.page", 
    "fields": {
      "rght": 9, 
      "navigation_extenders": "", 
      "site": 1, 
      "creation_date": "2012-12-19T05:59:32.398", 
      "lft": 8, 
      "in_navigation": true, 
      "reverse_id": null, 
      "login_required": false, 
      "created_by": "admin", 
      "publication_end_date": null, 
      "moderator_state": 0, 
      "template": "INHERIT", 
      "tree_id": 6, 
      "placeholders": [
        75, 
        76
      ], 
      "changed_date": "2012-12-19T06:01:36.506", 
      "limit_visibility_in_menu": null, 
      "parent": 6, 
      "publisher_state": 1, 
      "soft_root": false, 
      "publication_date": "2012-12-19T06:01:36.485", 
      "publisher_public": null, 
      "level": 1, 
      "changed_by": "admin", 
      "publisher_is_draft": true, 
      "published": true
    }
  }, 
  {
    "pk": 1, 
    "model": "cms.title", 
    "fields": {
      "menu_title": null, 
      "redirect": null, 
      "meta_keywords": null, 
      "page_title": null, 
      "language": "de", 
      "title": "Startseite", 
      "has_url_overwrite": false, 
      "application_urls": null, 
      "creation_date": "2012-12-19T05:52:47.958", 
      "page": 1, 
      "path": "", 
      "meta_description": null, 
      "slug": "startseite"
    }
  }, 
  {
    "pk": 2, 
    "model": "cms.title", 
    "fields": {
      "menu_title": null, 
      "redirect": null, 
      "meta_keywords": null, 
      "page_title": null, 
      "language": "de", 
      "title": "Die Konferenz", 
      "has_url_overwrite": false, 
      "application_urls": null, 
      "creation_date": "2012-12-19T05:54:01.333", 
      "page": 2, 
      "path": "die-konferenz", 
      "meta_description": null, 
      "slug": "die-konferenz"
    }
  }, 
  {
    "pk": 3, 
    "model": "cms.title", 
    "fields": {
      "menu_title": null, 
      "redirect": null, 
      "meta_keywords": null, 
      "page_title": null, 
      "language": "de", 
      "title": "Programm", 
      "has_url_overwrite": false, 
      "application_urls": null, 
      "creation_date": "2012-12-19T05:54:10.408", 
      "page": 3, 
      "path": "programm", 
      "meta_description": null, 
      "slug": "programm"
    }
  }, 
  {
    "pk": 4, 
    "model": "cms.title", 
    "fields": {
      "menu_title": null, 
      "redirect": null, 
      "meta_keywords": null, 
      "page_title": null, 
      "language": "de", 
      "title": "Jugend und Familie", 
      "has_url_overwrite": false, 
      "application_urls": null, 
      "creation_date": "2012-12-19T05:54:30.325", 
      "page": 4, 
      "path": "jugend-und-familie", 
      "meta_description": null, 
      "slug": "jugend-und-familie"
    }
  }, 
  {
    "pk": 5, 
    "model": "cms.title", 
    "fields": {
      "menu_title": null, 
      "redirect": null, 
      "meta_keywords": null, 
      "page_title": null, 
      "language": "de", 
      "title": "Sponsoren und Ausstellung", 
      "has_url_overwrite": false, 
      "application_urls": null, 
      "creation_date": "2012-12-19T05:54:44.027", 
      "page": 5, 
      "path": "sponsoren-und-ausstellung", 
      "meta_description": null, 
      "slug": "sponsoren-und-ausstellung"
    }
  }, 
  {
    "pk": 6, 
    "model": "cms.title", 
    "fields": {
      "menu_title": null, 
      "redirect": null, 
      "meta_keywords": null, 
      "page_title": null, 
      "language": "de", 
      "title": "Teilnehmen", 
      "has_url_overwrite": false, 
      "application_urls": null, 
      "creation_date": "2012-12-19T05:54:49.837", 
      "page": 6, 
      "path": "teilnehmen", 
      "meta_description": null, 
      "slug": "teilnehmen"
    }
  }, 
  {
    "pk": 10, 
    "model": "cms.title", 
    "fields": {
      "menu_title": null, 
      "redirect": null, 
      "meta_keywords": null, 
      "page_title": null, 
      "language": "de", 
      "title": "Pressematerial", 
      "has_url_overwrite": false, 
      "application_urls": null, 
      "creation_date": "2012-12-19T05:55:38.952", 
      "page": 10, 
      "path": "die-konferenz/pressematerial", 
      "meta_description": null, 
      "slug": "pressematerial"
    }
  }, 
  {
    "pk": 11, 
    "model": "cms.title", 
    "fields": {
      "menu_title": null, 
      "redirect": null, 
      "meta_keywords": null, 
      "page_title": null, 
      "language": "de", 
      "title": "Organisatoren", 
      "has_url_overwrite": false, 
      "application_urls": null, 
      "creation_date": "2012-12-19T05:55:45.944", 
      "page": 11, 
      "path": "die-konferenz/organisatoren", 
      "meta_description": null, 
      "slug": "organisatoren"
    }
  }, 
  {
    "pk": 12, 
    "model": "cms.title", 
    "fields": {
      "menu_title": null, 
      "redirect": null, 
      "meta_keywords": null, 
      "page_title": null, 
      "language": "de", 
      "title": "Programmkommitee", 
      "has_url_overwrite": false, 
      "application_urls": null, 
      "creation_date": "2012-12-19T05:55:58.186", 
      "page": 12, 
      "path": "die-konferenz/programmkommitee", 
      "meta_description": null, 
      "slug": "programmkommitee"
    }
  }, 
  {
    "pk": 29, 
    "model": "cms.title", 
    "fields": {
      "menu_title": null, 
      "redirect": null, 
      "meta_keywords": null, 
      "page_title": null, 
      "language": "de", 
      "title": "Sponsoren", 
      "has_url_overwrite": false, 
      "application_urls": null, 
      "creation_date": "2012-12-19T05:58:36.683", 
      "page": 29, 
      "path": "sponsoren-und-ausstellung/sponsoren", 
      "meta_description": null, 
      "slug": "sponsoren"
    }
  }, 
  {
    "pk": 31, 
    "model": "cms.title", 
    "fields": {
      "menu_title": null, 
      "redirect": null, 
      "meta_keywords": null, 
      "page_title": null, 
      "language": "de", 
      "title": "Sponsor werden", 
      "has_url_overwrite": false, 
      "application_urls": null, 
      "creation_date": "2012-12-19T05:58:54.177", 
      "page": 31, 
      "path": "sponsoren-und-ausstellung/sponsor-werden", 
      "meta_description": null, 
      "slug": "sponsor-werden"
    }
  }, 
  {
    "pk": 32, 
    "model": "cms.title", 
    "fields": {
      "menu_title": null, 
      "redirect": null, 
      "meta_keywords": null, 
      "page_title": null, 
      "language": "de", 
      "title": "Ausstellung", 
      "has_url_overwrite": false, 
      "application_urls": null, 
      "creation_date": "2012-12-19T05:58:58.252", 
      "page": 32, 
      "path": "sponsoren-und-ausstellung/ausstellung", 
      "meta_description": null, 
      "slug": "ausstellung"
    }
  }, 
  {
    "pk": 34, 
    "model": "cms.title", 
    "fields": {
      "menu_title": null, 
      "redirect": null, 
      "meta_keywords": null, 
      "page_title": null, 
      "language": "de", 
      "title": "Downloads", 
      "has_url_overwrite": false, 
      "application_urls": null, 
      "creation_date": "2012-12-19T05:59:06.992", 
      "page": 34, 
      "path": "sponsoren-und-ausstellung/downloads", 
      "meta_description": null, 
      "slug": "downloads"
    }
  }, 
  {
    "pk": 35, 
    "model": "cms.title", 
    "fields": {
      "menu_title": null, 
      "redirect": null, 
      "meta_keywords": null, 
      "page_title": null, 
      "language": "de", 
      "title": "Registrierung", 
      "has_url_overwrite": false, 
      "application_urls": null, 
      "creation_date": "2012-12-19T05:59:18.311", 
      "page": 35, 
      "path": "teilnehmen/registrierung", 
      "meta_description": null, 
      "slug": "registrierung"
    }
  }, 
  {
    "pk": 36, 
    "model": "cms.title", 
    "fields": {
      "menu_title": null, 
      "redirect": null, 
      "meta_keywords": null, 
      "page_title": null, 
      "language": "de", 
      "title": "Anreise", 
      "has_url_overwrite": false, 
      "application_urls": null, 
      "creation_date": "2012-12-19T05:59:22.763", 
      "page": 36, 
      "path": "teilnehmen/anreise", 
      "meta_description": null, 
      "slug": "anreise"
    }
  }, 
  {
    "pk": 37, 
    "model": "cms.title", 
    "fields": {
      "menu_title": null, 
      "redirect": null, 
      "meta_keywords": null, 
      "page_title": null, 
      "language": "de", 
      "title": "Hotels", 
      "has_url_overwrite": false, 
      "application_urls": null, 
      "creation_date": "2012-12-19T05:59:26.955", 
      "page": 37, 
      "path": "teilnehmen/hotels", 
      "meta_description": null, 
      "slug": "hotels"
    }
  }, 
  {
    "pk": 38, 
    "model": "cms.title", 
    "fields": {
      "menu_title": null, 
      "redirect": null, 
      "meta_keywords": null, 
      "page_title": null, 
      "language": "de", 
      "title": "K\u00f6ln", 
      "has_url_overwrite": false, 
      "application_urls": null, 
      "creation_date": "2012-12-19T05:59:32.582", 
      "page": 38, 
      "path": "teilnehmen/koln", 
      "meta_description": null, 
      "slug": "koln"
    }
  }, 
  {
    "pk": 7, 
    "model": "cms.title", 
    "fields": {
      "menu_title": null, 
      "redirect": null, 
      "meta_keywords": null, 
      "page_title": null, 
      "language": "de", 
      "title": "\u00dcbersicht", 
      "has_url_overwrite": false, 
      "application_urls": null, 
      "creation_date": "2012-12-19T05:55:10.141", 
      "page": 7, 
      "path": "die-konferenz/ubersicht", 
      "meta_description": null, 
      "slug": "ubersicht"
    }
  }, 
  {
    "pk": 8, 
    "model": "cms.title", 
    "fields": {
      "menu_title": null, 
      "redirect": null, 
      "meta_keywords": null, 
      "page_title": null, 
      "language": "de", 
      "title": "Wichtige Termine", 
      "has_url_overwrite": false, 
      "application_urls": null, 
      "creation_date": "2012-12-19T05:55:19.042", 
      "page": 8, 
      "path": "die-konferenz/wichtige-termine", 
      "meta_description": null, 
      "slug": "wichtige-termine"
    }
  }, 
  {
    "pk": 9, 
    "model": "cms.title", 
    "fields": {
      "menu_title": null, 
      "redirect": null, 
      "meta_keywords": null, 
      "page_title": null, 
      "language": "de", 
      "title": "Neuigkeiten", 
      "has_url_overwrite": false, 
      "application_urls": null, 
      "creation_date": "2012-12-19T05:55:32.815", 
      "page": 9, 
      "path": "die-konferenz/neuigkeiten", 
      "meta_description": null, 
      "slug": "neuigkeiten"
    }
  }, 
  {
    "pk": 13, 
    "model": "cms.title", 
    "fields": {
      "menu_title": null, 
      "redirect": null, 
      "meta_keywords": null, 
      "page_title": null, 
      "language": "de", 
      "title": "Kontakt", 
      "has_url_overwrite": false, 
      "application_urls": null, 
      "creation_date": "2012-12-19T05:56:02.503", 
      "page": 13, 
      "path": "die-konferenz/kontakt", 
      "meta_description": null, 
      "slug": "kontakt"
    }
  }, 
  {
    "pk": 14, 
    "model": "cms.title", 
    "fields": {
      "menu_title": null, 
      "redirect": null, 
      "meta_keywords": null, 
      "page_title": null, 
      "language": "de", 
      "title": "Verhaltenskodex", 
      "has_url_overwrite": false, 
      "application_urls": null, 
      "creation_date": "2012-12-19T05:56:06.968", 
      "page": 14, 
      "path": "die-konferenz/verhaltenskodex", 
      "meta_description": null, 
      "slug": "verhaltenskodex"
    }
  }, 
  {
    "pk": 15, 
    "model": "cms.title", 
    "fields": {
      "menu_title": null, 
      "redirect": null, 
      "meta_keywords": null, 
      "page_title": null, 
      "language": "de", 
      "title": "Call for Proposals", 
      "has_url_overwrite": false, 
      "application_urls": null, 
      "creation_date": "2012-12-19T05:56:33.991", 
      "page": 15, 
      "path": "programm/call-proposals", 
      "meta_description": null, 
      "slug": "call-proposals"
    }
  }, 
  {
    "pk": 16, 
    "model": "cms.title", 
    "fields": {
      "menu_title": null, 
      "redirect": null, 
      "meta_keywords": null, 
      "page_title": null, 
      "language": "de", 
      "title": "Zeitplan", 
      "has_url_overwrite": false, 
      "application_urls": null, 
      "creation_date": "2012-12-19T05:56:47.424", 
      "page": 16, 
      "path": "programm/zeitplan", 
      "meta_description": null, 
      "slug": "zeitplan"
    }
  }, 
  {
    "pk": 17, 
    "model": "cms.title", 
    "fields": {
      "menu_title": null, 
      "redirect": null, 
      "meta_keywords": null, 
      "page_title": null, 
      "language": "de", 
      "title": "Tutorials", 
      "has_url_overwrite": false, 
      "application_urls": null, 
      "creation_date": "2012-12-19T05:56:51.562", 
      "page": 17, 
      "path": "programm/tutorials", 
      "meta_description": null, 
      "slug": "tutorials"
    }
  }, 
  {
    "pk": 18, 
    "model": "cms.title", 
    "fields": {
      "menu_title": null, 
      "redirect": null, 
      "meta_keywords": null, 
      "page_title": null, 
      "language": "de", 
      "title": "Vortr\u00e4ge", 
      "has_url_overwrite": false, 
      "application_urls": null, 
      "creation_date": "2012-12-19T05:56:55.269", 
      "page": 18, 
      "path": "programm/vortrage", 
      "meta_description": null, 
      "slug": "vortrage"
    }
  }, 
  {
    "pk": 19, 
    "model": "cms.title", 
    "fields": {
      "menu_title": null, 
      "redirect": null, 
      "meta_keywords": null, 
      "page_title": null, 
      "language": "de", 
      "title": "Keynotes", 
      "has_url_overwrite": false, 
      "application_urls": null, 
      "creation_date": "2012-12-19T05:57:05.579", 
      "page": 19, 
      "path": "programm/keynotes", 
      "meta_description": null, 
      "slug": "keynotes"
    }
  }, 
  {
    "pk": 20, 
    "model": "cms.title", 
    "fields": {
      "menu_title": null, 
      "redirect": null, 
      "meta_keywords": null, 
      "page_title": null, 
      "language": "de", 
      "title": "BarCamp", 
      "has_url_overwrite": false, 
      "application_urls": null, 
      "creation_date": "2012-12-19T05:57:09.290", 
      "page": 20, 
      "path": "programm/barcamp", 
      "meta_description": null, 
      "slug": "barcamp"
    }
  }, 
  {
    "pk": 21, 
    "model": "cms.title", 
    "fields": {
      "menu_title": null, 
      "redirect": null, 
      "meta_keywords": null, 
      "page_title": null, 
      "language": "de", 
      "title": "Sprints", 
      "has_url_overwrite": false, 
      "application_urls": null, 
      "creation_date": "2012-12-19T05:57:13.984", 
      "page": 21, 
      "path": "programm/sprints", 
      "meta_description": null, 
      "slug": "sprints"
    }
  }, 
  {
    "pk": 22, 
    "model": "cms.title", 
    "fields": {
      "menu_title": null, 
      "redirect": null, 
      "meta_keywords": null, 
      "page_title": null, 
      "language": "de", 
      "title": "Code Retreat", 
      "has_url_overwrite": false, 
      "application_urls": null, 
      "creation_date": "2012-12-19T05:57:24.596", 
      "page": 22, 
      "path": "programm/code-retreat", 
      "meta_description": null, 
      "slug": "code-retreat"
    }
  }, 
  {
    "pk": 23, 
    "model": "cms.title", 
    "fields": {
      "menu_title": null, 
      "redirect": null, 
      "meta_keywords": null, 
      "page_title": null, 
      "language": "de", 
      "title": "Social Events", 
      "has_url_overwrite": false, 
      "application_urls": null, 
      "creation_date": "2012-12-19T05:57:36.454", 
      "page": 23, 
      "path": "programm/social-events", 
      "meta_description": null, 
      "slug": "social-events"
    }
  }, 
  {
    "pk": 24, 
    "model": "cms.title", 
    "fields": {
      "menu_title": null, 
      "redirect": null, 
      "meta_keywords": null, 
      "page_title": null, 
      "language": "de", 
      "title": "Leitfaden f\u00fcr Sprecher", 
      "has_url_overwrite": false, 
      "application_urls": null, 
      "creation_date": "2012-12-19T05:57:44.634", 
      "page": 24, 
      "path": "programm/leitfaden-fur-sprecher", 
      "meta_description": null, 
      "slug": "leitfaden-fur-sprecher"
    }
  }, 
  {
    "pk": 25, 
    "model": "cms.title", 
    "fields": {
      "menu_title": null, 
      "redirect": null, 
      "meta_keywords": null, 
      "page_title": null, 
      "language": "de", 
      "title": "Sch\u00fclerwettbewerb", 
      "has_url_overwrite": false, 
      "application_urls": null, 
      "creation_date": "2012-12-19T05:58:01.399", 
      "page": 25, 
      "path": "jugend-und-familie/schulerwettbewerb", 
      "meta_description": null, 
      "slug": "schulerwettbewerb"
    }
  }, 
  {
    "pk": 26, 
    "model": "cms.title", 
    "fields": {
      "menu_title": null, 
      "redirect": null, 
      "meta_keywords": null, 
      "page_title": null, 
      "language": "de", 
      "title": "Partnerprogramm", 
      "has_url_overwrite": false, 
      "application_urls": null, 
      "creation_date": "2012-12-19T05:58:09.867", 
      "page": 26, 
      "path": "jugend-und-familie/partnerprogramm", 
      "meta_description": null, 
      "slug": "partnerprogramm"
    }
  }, 
  {
    "pk": 27, 
    "model": "cms.title", 
    "fields": {
      "menu_title": null, 
      "redirect": null, 
      "meta_keywords": null, 
      "page_title": null, 
      "language": "de", 
      "title": "Kinderbetreuung", 
      "has_url_overwrite": false, 
      "application_urls": null, 
      "creation_date": "2012-12-19T05:58:19.484", 
      "page": 27, 
      "path": "jugend-und-familie/kinderbetreuung", 
      "meta_description": null, 
      "slug": "kinderbetreuung"
    }
  }, 
  {
    "pk": 28, 
    "model": "cms.title", 
    "fields": {
      "menu_title": null, 
      "redirect": null, 
      "meta_keywords": null, 
      "page_title": null, 
      "language": "de", 
      "title": "Hundebetreuung", 
      "has_url_overwrite": false, 
      "application_urls": null, 
      "creation_date": "2012-12-19T05:58:23.812", 
      "page": 28, 
      "path": "jugend-und-familie/hundebetreuung", 
      "meta_description": null, 
      "slug": "hundebetreuung"
    }
  }, 
  {
    "pk": 1, 
    "model": "text.text", 
    "fields": {
      "body": "<p>Lorem ipsum dolor sit amet, consetetur sadipscing elitr, sed diam nonumy eirmod tempor invidunt ut labore et dolore magna aliquyam erat, sed diam voluptua. At vero eos et accusam et justo duo dolores et ea rebum. Stet clita kasd gubergren, no sea takimata sanctus est Lorem ipsum dolor sit amet. Lorem ipsum dolor sit amet, consetetur sadipscing elitr, sed diam nonumy eirmod tempor invidunt ut labore et dolore magna aliquyam erat, sed diam voluptua. At vero eos et accusam et justo duo dolores et ea rebum. Stet clita kasd gubergren, no sea takimata sanctus est Lorem ipsum dolor sit amet. Lorem ipsum dolor sit amet, consetetur sadipscing elitr, sed diam nonumy eirmod tempor invidunt ut labore et dolore magna aliquyam erat, sed diam voluptua. At vero eos et accusam et justo duo dolores et ea rebum. Stet clita kasd gubergren, no sea takimata sanctus est Lorem ipsum dolor sit amet.\u00a0</p>\n<h2>Zwischen\u00fcberschrift</h2>\n<p>Duis autem vel eum iriure dolor in hendrerit in vulputate velit esse molestie consequat, vel illum dolore eu feugiat nulla facilisis at vero eros et accumsan et iusto odio dignissim qui blandit praesent luptatum zzril delenit augue duis dolore te feugait nulla facilisi. Lorem ipsum dolor sit amet, consectetuer adipiscing elit, sed diam nonummy nibh euismod tincidunt ut laoreet dolore magna aliquam erat volutpat.\u00a0</p>\n<p>Ut wisi enim ad minim veniam, quis nostrud exerci tation ullamcorper suscipit lobortis nisl ut aliquip ex ea commodo consequat. Duis autem vel eum iriure dolor in hendrerit in vulputate velit esse molestie consequat, vel illum dolore eu feugiat nulla facilisis at vero eros et accumsan et iusto odio dignissim qui blandit praesent luptatum zzril delenit augue duis dolore te feugait nulla facilisi.\u00a0</p>"
    }
  }
]